Item,minimum stock
Absolute Zero 0  MG 30 ML,5
Absolute Zero 0  MG 60 ML,5
Absolute Zero 03 MG 30 ML,10
Absolute Zero 03 MG 60 ML,10
Absolute Zero 06 MG 30 ML,10
Absolute Zero 06 MG 60 ML,10
Absolute Zero 12 MG 30 ML,5
Absolute Zero 12 MG 60 ML,5
Absolute Zero 110 MG 30 ML,5
Absolute Zero 110 MG 60 ML,5
Apollo RY4 0 MG 30 ML,5
Apollo RY4 0 MG 60 ML,5
Apollo RY4 03 MG 30 ML,10
Apollo RY4 03 MG 60 ML,10
Apollo RY4 06 MG 30 ML,10
Apollo RY4 06 MG 60 ML,10
Apollo RY4 12 MG 30 ML,5
Apollo RY4 12 MG 60 ML,5
Apollo RY4 110 MG 30 ML,5
Apollo RY4 110 MG 60 ML,5
Astro 0 MG 30 ML,5
Astro 0 MG 60 ML,5
Astro 03 MG 30 ML,10
Astro 03 MG 60 ML,10
Astro 06 MG 30 ML,10
Astro 06 MG 60 ML,10
Astro 12 MG 30 ML,5
Astro 12 MG 60 ML,5
Astro 110 MG 30 ML,5
Astro 110 MG 60 ML,5
Blackmoon 0 MG 30 ML,5
Blackmoon 0 MG 60 ML,5
Blackmoon 03 MG 30 ML,10
Blackmoon 03 MG 60 ML,10
Blackmoon 06 MG 30 ML,10
Blackmoon 06 MG 60 ML,10
Blackmoon 12 MG 30 ML,5
Blackmoon 12 MG 60 ML,5
Blackmoon 110 MG 30 ML,5
Blackmoon 110 MG 60 ML,5
Coffee Cream Hazelnut 0 MG 60 ML,5
Coffee Cream Hazelnut 03 MG 60 ML,10
Coffee Cream Hazelnut 06 MG 60 ML,10
Coffee Cream Hazelnut 12 MG 60 ML,5
Coffee Cream Hazelnut 110 MG 60 ML,5
Darkside of the Moon 0 MG 30 ML,5
Darkside of the Moon 0 MG 60 ML,5
Darkside of the Moon 03 MG 30 ML,10
Darkside of the Moon 03 MG 60 ML,10
Darkside of the Moon 06 MG 30 ML,10
Darkside of the Moon 06 MG 60 ML,10
Darkside of the Moon 12 MG 30 ML,5
Darkside of the Moon 12 MG 60 ML,5
Darkside of the Moon 110 MG 30 ML,5
Darkside of the Moon 110 MG 60 ML,5
Deep Blue 0 MG 30 ML,5
Deep Blue 0 MG 60 ML,5
Deep Blue 03 MG 30 ML,10
Deep Blue 03 MG 60 ML,10
Deep Blue 06 MG 30 ML,10
Deep Blue 06 MG 60 ML,10
Deep Blue 12 MG 30 ML,5
Deep Blue 12 MG 60 ML,5
Deep Blue 110 MG 30 ML,5
Deep Blue 110 MG 60 ML,5
Deep Blue 50 MG Salt Nic 30 ML,5
Docking Port 0 MG 30 ML,5
Docking Port 0 MG 60 ML,5
Docking Port 03 MG 30 ML,10
Docking Port 03 MG 60 ML,10
Docking Port 06 MG 30 ML,10
Docking Port 06 MG 60 ML,10
Docking Port 12 MG 30 ML,5
Docking Port 12 MG 60 ML,5
Docking Port 110 MG 30 ML,5
Docking Port 110 MG 60 ML,5
Ewak 0 MG 30 ML,5
Ewak 0 MG 60 ML,5
Ewak 03 MG 30 ML,10
Ewak 03 MG 60 ML,10
Ewak 06 MG 30 ML,10
Ewak 06 MG 60 ML,10
Ewak 12 MG 30 ML,5
Ewak 12 MG 60 ML,5
Ewak 110 MG 30 ML,5
Ewak 110 MG 60 ML,5
Ewak 50 MG Salt Nic 30 ML,5
Gemini 0 MG 30 ML,5
Gemini 0 MG 60 ML,5
Gemini 03 MG 30 ML,10
Gemini 03 MG 60 ML,10
Gemini 06 MG 30 ML,10
Gemini 06 MG 60 ML,10
Gemini 12 MG 30 ML,5
Gemini 12 MG 60 ML,5
Gemini 110 MG 30 ML,5
Gemini 110 MG 60 ML,5
Gemini 50 MG Salt Nic 30 ML,5
Gemini Ice 0 MG 30 ML,5
Gemini Ice 0 MG 60 ML,5
Gemini Ice 03 MG 30 ML,10
Gemini Ice 03 MG 60 ML,10
Gemini Ice 06 MG 30 ML,10
Gemini Ice 06 MG 60 ML,10
Gemini Ice 12 MG 30 ML,5
Gemini Ice 12 MG 60 ML,5
Gemini Ice 110 MG 30 ML,5
Gemini Ice 110 MG 60 ML,5
Gemini Ice Salt Nic 06 MG 30 ML,5
Gliese 0 MG 30 ML,5
Gliese 0 MG 60 ML,5
Gliese 03 MG 30 ML,10
Gliese 03 MG 60 ML,10
Gliese 06 MG 30 ML,10
Gliese 06 MG 60 ML,10
Gliese 12 MG 30 ML,5
Gliese 12 MG 60 ML,5
Gliese 110 MG 30 ML,5
Gliese 110 MG 60 ML,5
GTX Cran-Apple  1000 MG 30 ML,5
GTX Cran-Apple  250 MG 30 ML,5
GTX Cran-Apple  500 MG 30 ML,5
GTX Strawberry Cream 1000 MG 30 ML,5
GTX Strawberry Cream 250 MG 30 ML,5
GTX Strawberry Cream 500 MG 30 ML,5
Haymaker 06 MG 30 ML,5
Haymaker 25 MG 30 ML,5
Haymaker 45 MG 30 ML,5
Lift Off 0 MG 30 ML,5
Lift Off 0 MG 60 ML,5
Lift Off 03 MG 30 ML,10
Lift Off 03 MG 60 ML,10
Lift Off 06 MG 30 ML,10
Lift Off 06 MG 60 ML,10
Lift Off 12 MG 30 ML,5
Lift Off 12 MG 60 ML,5
Lift Off 110 MG 30 ML,5
Lift Off 110 MG 60 ML,5
Mars Melon 0 MG 30 ML,5
Mars Melon 0 MG 60 ML,5
Mars Melon 03 MG 30 ML,10
Mars Melon 03 MG 60 ML,10
Mars Melon 06 MG 30 ML,10
Mars Melon 06 MG 60 ML,10
Mars Melon 12 MG 30 ML,5
Mars Melon 12 MG 60 ML,5
Mars Melon 110 MG 30 ML,5
Mars Melon 110 MG 60 ML,5
Martian Blood 0 MG 30 ML,5
Martian Blood 0 MG 60 ML,5
Martian Blood 03 MG 30 ML,10
Martian Blood 03 MG 60 ML,10
Martian Blood 06 MG 30 ML,10
Martian Blood 06 MG 60 ML,10
Martian Blood 12 MG 30 ML,5
Martian Blood 12 MG 60 ML,5
Martian Blood 110 MG 30 ML,5
Martian Blood 110 MG 60 ML,5
Martian Blood 50 MG Salt Nic 30 ML,5
Martian Mango 0 MG 30 ML,5
Martian Mango 0 MG 60 ML,5
Martian Mango 03 MG 30 ML,10
Martian Mango 03 MG 60 ML,10
Martian Mango 06 MG 30 ML,10
Martian Mango 06 MG 60 ML,10
Martian Mango 12 MG 30 ML,5
Martian Mango 12 MG 60 ML,5
Martian Mango 110 MG 30 ML,5
Martian Mango 110 MG 60 ML,5
Moon Cake 0 MG 30 ML,5
Moon Cake 0 MG 60 ML,5
Moon Cake 03 MG 30 ML,10
Moon Cake 03 MG 60 ML,10
Moon Cake 06 MG 30 ML,10
Moon Cake 06 MG 60 ML,10
Moon Cake 12 MG 30 ML,5
Moon Cake 12 MG 60 ML,5
Moon Cake 110 MG 30 ML,5
Moon Cake 110 MG 60 ML,5
Neptune 0 MG 30 ML,5
Neptune 0 MG 60 ML,5
Neptune 03 MG 30 ML,10
Neptune 03 MG 60 ML,10
Neptune 06 MG 30 ML,10
Neptune 06 MG 60 ML,10
Neptune 12 MG 30 ML,5
Neptune 12 MG 60 ML,5
Neptune 110 MG 30 ML,5
Neptune 110 MG 60 ML,5
Orbital Apple 0 mg 30 ML,5
Orbital Apple 0 mg 60 ML,5
Orbital Apple 03 mg 30 ML,10
Orbital Apple 03 mg 60 ML,10
Orbital Apple 06 mg 30 ML,10
Orbital Apple 06 mg 60 ML,10
Orbital Apple 12 mg 30 ML,5
Orbital Apple 12 mg 60 ML,5
Orions Custard 0 MG 30 ML,5
Orions Custard 0 MG 60 ML,5
Orions Custard 03 MG 30 ML,10
Orions Custard 03 MG 60 ML,10
Orions Custard 06 MG 30 ML,10
Orions Custard 06 MG 60 ML,10
Orions Custard 12 MG 30 ML,5
Orions Custard 12 MG 60 ML,5
Orions Custard 110 MG 30 ML,5
Orions Custard 110 MG 60 ML,5
Pandora 0 MG 30 ML,5
Pandora 0 MG 60 ML,5
Pandora 03 MG 30 ML,10
Pandora 03 MG 60 ML,10
Pandora 06 MG 30 ML,10
Pandora 06 MG 60 ML,10
Pandora 12 MG 30 ML,5
Pandora 12 MG 60 ML,5
Pandora 110 MG 30 ML,5
Pandora 110 MG 60 ML,5
Pineapple Express 0 MG 30 ML,5
Pineapple Express 0 MG 60 ML,5
Pineapple Express 03 MG 30 ML,10
Pineapple Express 03 MG 60 ML,10
Pineapple Express 06 MG 30 ML,10
Pineapple Express 06 MG 60 ML,10
Pineapple Express 12 MG 30 ML,5
Pineapple Express 12 MG 60 ML,5
Pineapple Express 110 MG 30 ML,5
Pineapple Express 110 MG 60 ML,5
Planet of the Apes  0 MG 30 ML,5
Planet of the Apes  0 MG 60 ML,5
Planet of the Apes  03 MG 30 ML,10
Planet of the Apes  03 MG 60 ML,10
Planet of the Apes  06 MG 30 ML,10
Planet of the Apes  06 MG 60 ML,10
Planet of the Apes  12 MG 30 ML,5
Planet of the Apes  12 MG 60 ML,5
Planet of the Apes  110 MG 30 ML,5
Planet of the Apes  110 MG 60 ML,5
Planetary Peach 0 MG 30 ML,5
Planetary Peach 0 MG 60 ML,5
Planetary Peach 03 MG 30 ML,10
Planetary Peach 03 MG 60 ML,10
Planetary Peach 06 MG 30 ML,10
Planetary Peach 06 MG 60 ML,10
Planetary Peach 12 MG 30 ML,5
Planetary Peach 12 MG 60 ML,5
Planetary Peach 110 MG 30 ML,5
Planetary Peach 110 MG 60 ML,5
Pluto 0 MG 30 ML,5
Pluto 0 MG 60 ML,5
Pluto 03 MG 30 ML,10
Pluto 03 MG 60 ML,10
Pluto 06 MG 30 ML,10
Pluto 06 MG 60 ML,10
Pluto 12 MG 30 ML,5
Pluto 12 MG 60 ML,5
Pluto 110 MG 30 ML,5
Pluto 110 MG 60 ML,5
Saturn 0 MG 30 ML,5
Saturn 0 MG 60 ML,5
Saturn 03 MG 30 ML,10
Saturn 03 MG 60 ML,10
Saturn 06 MG 30 ML,10
Saturn 06 MG 60 ML,10
Saturn 12 MG 30 ML,5
Saturn 12 MG 60 ML,5
Saturn 110 MG 30 ML,5
Saturn 110 MG 60 ML,5
Sirius Blue 0 MG 30 ML,5
Sirius Blue 0 MG 60 ML,5
Sirius Blue 03 MG 30 ML,10
Sirius Blue 03 MG 60 ML,10
Sirius Blue 06 MG 30 ML,10
Sirius Blue 06 MG 60 ML,10
Sirius Blue 12 MG 30 ML,5
Sirius Blue 12 MG 60 ML,5
Sirius Blue 110 MG 30 ML,5
Sirius Blue 110 MG 60 ML,5
Sirius Ice 0 MG 30 ML,5
Sirius Ice 0 MG 60 ML,5
Sirius Ice 03 MG 30 ML,10
Sirius Ice 03 MG 60 ML,10
Sirius Ice 06 MG 30 ML,10
Sirius Ice 06 MG 60 ML,10
Sirius Ice 12 MG 30 ML,5
Sirius Ice 12 MG 60 ML,5
Sirius Ice 110 MG 30 ML,5
Smurf on a Stick 0 MG 30 ML,5
Smurf on a Stick 0 MG 60 ML,5
Smurf on a Stick 03 MG 30 ML,10
Smurf on a Stick 03 MG 60 ML,10
Smurf on a Stick 06 MG 30 ML,10
Smurf on a Stick 06 MG 60 ML,10
Smurf on a Stick 12 MG 30 ML,5
Smurf on a Stick 12 MG 60 ML,5
Smurf on a Stick 110 MG 30 ML,5
Smurf on a Stick 110 MG 60 ML,5
Space Cowboy  0 MG 30 ML,5
Space Cowboy  0 MG 60 ML,5
Space Cowboy  03 MG 30 ML,10
Space Cowboy  03 MG 60 ML,10
Space Cowboy  06 MG 30 ML,10
Space Cowboy  06 MG 60 ML,10
Space Cowboy  12 MG 30 ML,5
Space Cowboy  12 MG 60 ML,5
Space Cowboy  110 MG 30 ML,5
Space Cowboy  110 MG 60 ML,5
Space Grape 0 MG 30 ML,5
Space Grape 0 MG 60 ML,5
Space Grape 03 MG 30 ML,10
Space Grape 03 MG 60 ML,10
Space Grape 06 MG 30 ML,10
Space Grape 06 MG 60 ML,10
Space Grape 12 MG 30 ML,5
Space Grape 12 MG 60 ML,5
Space Grape 110 MG 30 ML,5
Space Grape 110 MG 60 ML,5
Space Grape 50 MG Salt Nic 30 ML,5
SPACE MONKEY 0 mg 30 ML,5
SPACE MONKEY 0 mg 60 ML,5
SPACE MONKEY 03 mg 30 ML,10
SPACE MONKEY 03 mg 60 ML,10
SPACE MONKEY 06 mg 30 ML,10
SPACE MONKEY 06 mg 60 ML,10
SPACE MONKEY 12 mg 30 ML,5
SPACE MONKEY 12 mg 60 ML,5
Sputnik 0 MG 30 ML,5
Sputnik 0 MG 60 ML,5
Sputnik 03 MG 30 ML,10
Sputnik 03 MG 60 ML,10
Sputnik 06 MG 30 ML,10
Sputnik 06 MG 60 ML,10
Sputnik 12 MG 30 ML,5
Sputnik 12 MG 60 ML,5
Sputnik 110 MG 30 ML,5
Sputnik 110 MG 60 ML,5
Stratosphere 0 MG 30 ML,5
Stratosphere 0 MG 60 ML,5
Stratosphere 03 MG 30 ML,10
Stratosphere 03 MG 60 ML,10
Stratosphere 06 MG 30 ML,10
Stratosphere 06 MG 60 ML,10
Stratosphere 12 MG 30 ML,5
Stratosphere 12 MG 60 ML,5
Stratosphere 110 MG 30 ML,5
Stratosphere 110 MG 60 ML,5
The Duke 0 MG 30 ML,5
The Duke 0 MG 60 ML,5
The Duke 03 MG 30 ML,10
The Duke 03 MG 60 ML,10
The Duke 06 MG 30 ML,10
The Duke 06 MG 60 ML,10
The Duke 12 MG 30 ML,5
The Duke 12 MG 60 ML,5
The Duke 110 MG 30 ML,5
The Duke 110 MG 60 ML,5
The Duke 50 MG Salt Nic 30 ML,5
Tucana 0 MG 30 ML,5
Tucana 0 MG 60 ML,5
Tucana 03 MG 30 ML,10
Tucana 03 MG 60 ML,10
Tucana 06 MG 30 ML,10
Tucana 06 MG 60 ML,10
Tucana 12 MG 30 ML,5
Tucana 12 MG 60 ML,5
Tucana 110 MG 30 ML,5
Tucana 110 MG 60 ML,5
Tucana 50 MG Salt Nic 30 ML,5
Universal Milk 0 MG 30 ML,5
Universal Milk 0 MG 60 ML,5
Universal Milk 03 MG 30 ML,10
Universal Milk 03 MG 60 ML,10
Universal Milk 06 MG 30 ML,10
Universal Milk 06 MG 60 ML,10
Universal Milk 12 MG 30 ML,5
Universal Milk 12 MG 60 ML,5
Universal Milk 110 MG 30 ML,5
Universal Milk 110 MG 60 ML,5
Universal Milk 50 MG Salt Nic 30 ML,5
Worm Hole 0 MG 30 ML,5
Worm Hole 0 MG 60 ML,5
Worm Hole 03 MG 30 ML,10
Worm Hole 03 MG 60 ML,10
Worm Hole 06 MG 30 ML,10
Worm Hole 06 MG 60 ML,10
Worm Hole 12 MG 30 ML,5
Worm Hole 12 MG 60 ML,5
Worm Hole 110 MG 30 ML,5
Worm Hole 110 MG 60 ML,5
Sirius Salt Nic 25 MG 30 ML,5
Sirius Salt Nic 45 MG 30 ML,5
Ewak Salt Nic 25 MG 60 ML,5
Ewak Salt Nic 45 MG 60 ML,5
Gemini Ice Salt Nic 25 MG 30 ML,5
Gemini Ice Salt Nic 45 MG 30 ML,5
Flo's Bread Puddin' Salt Nic 45 MG 30 ML,5
Flo's Bread Puddin' Salt Nic 25 MG 30 ML,5
Flo's Bread Puddin 50 MG Salt Nic 30 ML,5